income,age,gender,marital_status,doctorate,city_density
0.10709118368289061,0.12021489058894677,-1.1254628677422753,0.08645950034784113,-0.17830285335476512,-0.5868660101672561
-0.7756058455955805,1.4681016977577286,-1.1254628677422753,0.08645950034784113,-0.17830285335476512,-0.11526256146264276
-0.2362325726013221,-0.3111088877050634,0.8885233166386384,-1.035942013258679,-0.17830285335476512,-0.11526256146264276
1.078893418321629,0.551538668882957,0.8885233166386384,-1.035942013258679,-0.17830285335476512,-0.11526256146264276
0.9382580359131788,0.8211160303167133,0.8885233166386384,2.331262527560881,-0.17830285335476512,2.218907801088002
-0.3655773815986893,0.4976231965962057,0.8885233166386384,0.08645950034784113,-0.17830285335476512,0.292017063566358
-1.0739027951163942,-1.4972492780135915,-1.1254628677422753,-1.035942013258679,-0.17830285335476512,-0.11526256146264276
-0.9867847306764775,1.8994254760517388,0.8885233166386384,0.08645950034784113,-0.17830285335476512,-0.4528841920721996
0.7299695376255191,-0.1493624708448096,0.8885233166386384,2.331262527560881,-0.17830285335476512,-0.4528841920721996
-0.6393512056706305,0.12021489058894677,-1.1254628677422753,0.08645950034784113,-0.17830285335476512,-0.4528841920721996
0.09259408742306001,-0.7963481382858248,0.8885233166386384,-1.035942013258679,-0.17830285335476512,0.2553054178588132
-1.0739027951163942,-1.5511647503003427,-1.1254628677422753,-1.035942013258679,-0.17830285335476512,-0.7042177665315444
-0.27805285651597367,0.012383946015444226,-1.1254628677422753,0.08645950034784113,-0.17830285335476512,1.133560942093153
-0.672997114435658,-0.9580945551460787,0.8885233166386384,-1.035942013258679,-0.17830285335476512,-0.11526256146264276
-0.01931807622759497,0.3897922520227031,0.8885233166386384,0.08645950034784113,-0.17830285335476512,0.28574156857361527
-1.0739027951163942,-1.5511647503003427,-1.1254628677422753,-1.035942013258679,-0.17830285335476512,-0.5488992654611629
-0.5989761151525976,-0.1493624708448096,-1.1254628677422753,2.331262527560881,-0.17830285335476512,-0.6493071853450458
-1.0739027951163942,-1.4433338057268401,-1.1254628677422753,-1.035942013258679,-0.17830285335476512,-0.7327712687485237
-0.7869415813003079,1.1985243363239724,-1.1254628677422753,0.08645950034784113,-0.17830285335476512,-0.05470403478267578
-0.12481719418075479,-1.389418333440089,-1.1254628677422753,-1.035942013258679,-0.17830285335476512,-0.5065396742601497
0.12312379792662852,0.33587677973595187,0.8885233166386384,0.08645950034784113,-0.17830285335476512,0.27162170483994424
-0.9312802717875933,1.95334094833849,-1.1254628677422753,0.08645950034784113,-0.17830285335476512,2.218907801088002
1.9488095184987542,0.7672005580299621,0.8885233166386384,0.08645950034784113,-0.17830285335476512,-0.8498092503631749
-0.19350904281378392,0.12021489058894677,0.8885233166386384,-1.035942013258679,-0.17830285335476512,2.218907801088002
-0.20073500979687706,-0.09544699855805833,0.8885233166386384,2.331262527560881,-0.17830285335476512,0.292017063566358
-0.7806640224837458,1.6298481146179824,0.8885233166386384,0.08645950034784113,-0.17830285335476512,-0.44660869707945694
-0.930693161970217,-1.173756444293084,0.8885233166386384,0.08645950034784113,-0.17830285335476512,-0.5065396742601497
-0.6685260473648691,-0.8502636105725762,0.8885233166386384,0.08645950034784113,-0.17830285335476512,2.218907801088002
0.3109537771934058,0.6593696134564595,0.8885233166386384,0.08645950034784113,-0.17830285335476512,-0.11526256146264276
-0.09157774605852635,1.0906933917504698,-1.1254628677422753,0.08645950034784113,-0.17830285335476512,-0.5686670746883022
0.02471516007562884,0.8750315026034646,0.8885233166386384,0.08645950034784113,-0.17830285335476512,-0.39985625938352387
2.362360641399903,0.44370772430945443,-1.1254628677422753,0.08645950034784113,-0.17830285335476512,1.133560942093153
1.4821475382718705,-0.6885171937123223,0.8885233166386384,0.08645950034784113,-0.17830285335476512,-0.5583125079502769
0.5668433329821916,0.12021489058894677,-1.1254628677422753,0.08645950034784113,-0.17830285335476512,-0.7324574939988866
0.7321824900140914,-0.20327794313156086,0.8885233166386384,-1.035942013258679,-0.17830285335476512,-0.8642428888464831
0.025528081361226817,-0.634601721425571,0.8885233166386384,0.08645950034784113,-0.17830285335476512,0.292017063566358
-0.09555202789922758,0.551538668882957,0.8885233166386384,0.08645950034784113,-0.17830285335476512,-0.4528841920721996
-0.48010895828071554,0.22804583516244933,-1.1254628677422753,-1.035942013258679,-0.17830285335476512,-0.5492130402108
-0.049170352326498495,-1.01201002743283,0.8885233166386384,-1.035942013258679,5.608435205522611,2.218907801088002
-0.6211508013319648,-0.47285530456531727,0.8885233166386384,0.08645950034784113,-0.17830285335476512,2.218907801088002
0.88239227867514,-0.7424326659990736,0.8885233166386384,0.08645950034784113,-0.17830285335476512,-0.4472362465787312
0.03460570238373757,0.44370772430945443,0.8885233166386384,0.08645950034784113,-0.17830285335476512,-0.11526256146264276
-0.2593556669472202,-0.41893983227856596,0.8885233166386384,0.08645950034784113,-0.17830285335476512,2.218907801088002
-0.611260259023856,0.44370772430945443,0.8885233166386384,-1.035942013258679,-0.17830285335476512,-0.17958638513825537
-0.7121076607316495,2.0611718929119927,0.8885233166386384,0.08645950034784113,-0.17830285335476512,0.28574156857361527
0.03031528448752602,0.012383946015444226,-1.1254628677422753,0.08645950034784113,-0.17830285335476512,-0.05470403478267578
-0.7319790699351557,-1.1198409720063325,0.8885233166386384,2.331262527560881,-0.17830285335476512,-0.8946790395612851
-0.3016727360919593,0.17413036287569805,0.8885233166386384,1.2088610139543612,-0.17830285335476512,-0.11526256146264276
1.0524734765396948,-0.041531526271307045,0.8885233166386384,0.08645950034784113,-0.17830285335476512,2.218907801088002
-1.0739027951163942,-1.6589956948738454,-1.1254628677422753,-1.035942013258679,-0.17830285335476512,2.218907801088002
-1.0739027951163942,-1.6589956948738454,-1.1254628677422753,-1.035942013258679,-0.17830285335476512,-0.03776019830227051
1.6405317020825432,0.6593696134564595,-1.1254628677422753,0.08645950034784113,-0.17830285335476512,-0.5065396742601497
-0.17865064820479867,0.6054541411697082,-1.1254628677422753,0.08645950034784113,-0.17830285335476512,-0.5488992654611629
0.031489504122278654,0.12021489058894677,0.8885233166386384,-1.035942013258679,-0.17830285335476512,-0.591258856662176
0.02661197640869079,1.0367779194637183,0.8885233166386384,-1.035942013258679,-0.17830285335476512,2.218907801088002
0.4829769536846668,0.44370772430945443,-1.1254628677422753,0.08645950034784113,-0.17830285335476512,-0.39985625938352387
-0.7893803451571019,1.7915945314782362,0.8885233166386384,-1.035942013258679,-0.17830285335476512,0.292017063566358
1.2568328552802976,-0.25719341541831214,-1.1254628677422753,-1.035942013258679,-0.17830285335476512,-0.7042177665315444
-0.7426373712352181,-0.8502636105725762,-1.1254628677422753,0.08645950034784113,-0.17830285335476512,-0.11526256146264276
0.2386941073624744,-0.47285530456531727,-1.1254628677422753,0.08645950034784113,5.608435205522611,2.218907801088002
-1.0739027951163942,-1.5511647503003427,0.8885233166386384,-1.035942013258679,-0.17830285335476512,-0.03776019830227051
-0.38535846621490677,-0.7963481382858248,-1.1254628677422753,-1.035942013258679,5.608435205522611,2.218907801088002
-0.29521452810081983,0.8750315026034646,0.8885233166386384,-1.035942013258679,-0.17830285335476512,0.28574156857361527
5.43655796976959,0.7672005580299621,-1.1254628677422753,0.08645950034784113,-0.17830285335476512,-0.7042177665315444
0.18544776315580683,-0.5267707768520685,0.8885233166386384,-1.035942013258679,-0.17830285335476512,1.133560942093153
0.1676989817535843,0.2819613074492006,0.8885233166386384,-1.035942013258679,-0.17830285335476512,-0.03776019830227051
-0.8125034395029999,-0.47285530456531727,0.8885233166386384,0.08645950034784113,-0.17830285335476512,-0.7726206619524398
-0.5801434387029112,-1.389418333440089,0.8885233166386384,-1.035942013258679,-0.17830285335476512,-0.486458090283373
-0.363770889852916,-0.1493624708448096,0.8885233166386384,-1.035942013258679,-0.17830285335476512,-0.6141644133856868
-0.35162223286259064,-0.7424326659990736,0.8885233166386384,0.08645950034784113,-0.17830285335476512,0.4316468271548829
-0.8736080228037812,1.144608864037221,0.8885233166386384,0.08645950034784113,-0.17830285335476512,2.218907801088002
-0.5140710031012533,0.8750315026034646,0.8885233166386384,0.08645950034784113,-0.17830285335476512,2.218907801088002
-0.6616162164372863,1.1985243363239724,-1.1254628677422753,0.08645950034784113,-0.17830285335476512,-0.5686670746883022
-0.7383017910453622,-0.3650243599918147,0.8885233166386384,0.08645950034784113,-0.17830285335476512,-0.5488992654611629
-0.3080857817894545,-0.5267707768520685,0.8885233166386384,0.08645950034784113,-0.17830285335476512,-0.9724951774712945
-0.7291790077292071,0.4976231965962057,0.8885233166386384,0.08645950034784113,-0.17830285335476512,-0.05470403478267578
-0.9843911291133279,-0.8502636105725762,-1.1254628677422753,-1.035942013258679,-0.17830285335476512,-0.20468836510922614
2.607230597539472,-0.1493624708448096,0.8885233166386384,0.08645950034784113,-0.17830285335476512,2.218907801088002
0.06328375884788846,0.6593696134564595,0.8885233166386384,1.2088610139543612,-0.17830285335476512,-0.8498092503631749
0.5294489538446845,-0.09544699855805833,0.8885233166386384,-1.035942013258679,-0.17830285335476512,-0.11526256146264276
-0.030292513583167674,1.3602707531842262,0.8885233166386384,0.08645950034784113,5.608435205522611,-0.4252720141041318
-0.24517470674289987,-0.3111088877050634,0.8885233166386384,0.08645950034784113,-0.17830285335476512,-0.2997621142492779
-0.49198664150917487,0.9289469748902159,0.8885233166386384,0.08645950034784113,-0.17830285335476512,0.292017063566358
0.719220911738168,0.4976231965962057,0.8885233166386384,0.08645950034784113,-0.17830285335476512,-0.11526256146264276
1.4127782552341763,-0.7424326659990736,-1.1254628677422753,-1.035942013258679,-0.17830285335476512,-0.25520609980080483
1.1507014652161172,0.2819613074492006,0.8885233166386384,0.08645950034784113,-0.17830285335476512,2.218907801088002
-0.7238498570791759,-0.1493624708448096,0.8885233166386384,2.331262527560881,-0.17830285335476512,-0.8956203638101966
-1.0739027951163942,-1.6589956948738454,0.8885233166386384,-1.035942013258679,-0.17830285335476512,-0.11526256146264276
0.03410891715364992,-0.20327794313156086,0.8885233166386384,-1.035942013258679,-0.17830285335476512,-0.7500288799785662
-1.0739027951163942,-1.4972492780135915,0.8885233166386384,-1.035942013258679,-0.17830285335476512,-0.2997621142492779
0.3672259950742436,0.012383946015444226,-1.1254628677422753,-1.035942013258679,-0.17830285335476512,2.218907801088002
-1.0739027951163942,-1.4433338057268401,0.8885233166386384,-1.035942013258679,-0.17830285335476512,0.292017063566358
-0.08028717264744333,0.012383946015444226,0.8885233166386384,-1.035942013258679,-0.17830285335476512,-0.9724951774712945
-0.4095202933146244,1.5759326423312312,-1.1254628677422753,0.08645950034784113,-0.17830285335476512,0.292017063566358
1.5091094275775367,-0.6885171937123223,-1.1254628677422753,2.331262527560881,-0.17830285335476512,-0.11526256146264276
0.22979713551454098,1.7915945314782362,0.8885233166386384,0.08645950034784113,-0.17830285335476512,-0.7042177665315444
-0.3725323748199164,0.7132850857432108,-1.1254628677422753,0.08645950034784113,-0.17830285335476512,-0.03776019830227051
-0.13204316116384793,-0.41893983227856596,0.8885233166386384,0.08645950034784113,-0.17830285335476512,2.218907801088002
0.32793479960367466,0.8750315026034646,0.8885233166386384,0.08645950034784113,-0.17830285335476512,-0.05470403478267578
-0.6760229881098282,-0.47285530456531727,0.8885233166386384,0.08645950034784113,-0.17830285335476512,-0.8642428888464831
-0.025866608806023126,1.0906933917504698,-1.1254628677422753,1.2088610139543612,-0.17830285335476512,-0.11526256146264276
1.5330002809153884,0.7132850857432108,-1.1254628677422753,2.331262527560881,-0.17830285335476512,2.218907801088002
-0.8935245943009317,2.330749254345749,-1.1254628677422753,0.08645950034784113,-0.17830285335476512,2.218907801088002
3.0019038816972903,0.6054541411697082,-1.1254628677422753,2.331262527560881,-0.17830285335476512,2.218907801088002
-0.6515901872482446,0.12021489058894677,0.8885233166386384,-1.035942013258679,-0.17830285335476512,-0.8642428888464831
-0.7108882788032527,-1.173756444293084,0.8885233166386384,-1.035942013258679,-0.17830285335476512,-0.25520609980080483
-1.026979172019933,1.8994254760517388,-1.1254628677422753,0.08645950034784113,-0.17830285335476512,-0.4252720141041318
-0.7354114042521249,2.3846647266325003,-1.1254628677422753,0.08645950034784113,-0.17830285335476512,-0.8225108471447442
0.4652281722824443,0.2819613074492006,0.8885233166386384,-1.035942013258679,-0.17830285335476512,-0.7042177665315444
-0.4020233525696653,-0.5806862491388198,0.8885233166386384,0.08645950034784113,-0.17830285335476512,0.292017063566358
-0.9418030862067227,-0.7963481382858248,0.8885233166386384,2.331262527560881,-0.17830285335476512,-0.5065396742601497
2.7348592393783546,-0.041531526271307045,0.8885233166386384,2.331262527560881,-0.17830285335476512,-0.11526256146264276
-0.5348908204712903,0.8750315026034646,0.8885233166386384,0.08645950034784113,-0.17830285335476512,-1.0054415261831937
2.687890453988249,0.7672005580299621,-1.1254628677422753,2.331262527560881,-0.17830285335476512,-0.7726206619524398
0.9087218958697856,-0.41893983227856596,0.8885233166386384,0.08645950034784113,-0.17830285335476512,2.218907801088002
2.0392695926683513,0.44370772430945443,-1.1254628677422753,1.2088610139543612,-0.17830285335476512,-0.5536058867057199
-0.3322476088891722,-0.634601721425571,-1.1254628677422753,0.08645950034784113,-0.17830285335476512,-0.952727368244155
0.022411883099767903,0.6054541411697082,0.8885233166386384,1.2088610139543612,-0.17830285335476512,-0.952727368244155
0.31149572471713777,0.12021489058894677,-1.1254628677422753,2.331262527560881,-0.17830285335476512,-0.03776019830227051
-0.49478670371512345,1.1985243363239724,0.8885233166386384,-1.035942013258679,-0.17830285335476512,-0.8971892375583822
-0.7868512567130193,-1.389418333440089,0.8885233166386384,-1.035942013258679,-0.17830285335476512,-0.44660869707945694
-0.45016635759452334,0.33587677973595187,0.8885233166386384,1.2088610139543612,-0.17830285335476512,-0.7324574939988866
-0.8260521275962995,-0.5806862491388198,0.8885233166386384,0.08645950034784113,-0.17830285335476512,-0.6141644133856868
-1.0739027951163942,-1.4972492780135915,0.8885233166386384,-1.035942013258679,-0.17830285335476512,-0.7042177665315444
0.17478946185574445,0.7672005580299621,-1.1254628677422753,0.08645950034784113,-0.17830285335476512,-0.2997621142492779
-0.5344843598284914,-0.20327794313156086,-1.1254628677422753,0.08645950034784113,5.608435205522611,-0.5488992654611629
-0.9488484040152385,-1.389418333440089,0.8885233166386384,-1.035942013258679,-0.17830285335476512,1.133560942093153
-0.28089808101556657,0.3897922520227031,0.8885233166386384,0.08645950034784113,-0.17830285335476512,-0.11526256146264276
-0.5228324880682537,1.8994254760517388,-1.1254628677422753,0.08645950034784113,5.608435205522611,-0.8946790395612851
-0.2544781392336323,-0.8502636105725762,0.8885233166386384,-1.035942013258679,-0.17830285335476512,-0.8592224928522889
0.4976095368254304,1.3602707531842262,-1.1254628677422753,-1.035942013258679,-0.17830285335476512,-0.6493071853450458
-0.4734701011149987,-0.3111088877050634,0.8885233166386384,0.08645950034784113,-0.17830285335476512,-0.11526256146264276
-1.0739027951163942,-1.5511647503003427,-1.1254628677422753,-1.035942013258679,-0.17830285335476512,-0.7726206619524398
1.4871605528663914,-0.20327794313156086,-1.1254628677422753,-1.035942013258679,-0.17830285335476512,-0.6643683733276283
2.49649265352357,0.7132850857432108,-1.1254628677422753,1.2088610139543612,-0.17830285335476512,-0.8946790395612851
2.3187338657394787,0.7672005580299621,0.8885233166386384,2.331262527560881,-0.17830285335476512,0.292017063566358
-0.5203033996241712,-0.25719341541831214,0.8885233166386384,0.08645950034784113,-0.17830285335476512,1.133560942093153
-0.95449369072078,-1.1198409720063325,-1.1254628677422753,0.08645950034784113,-0.17830285335476512,-0.8956203638101966
0.22966164863360797,0.8211160303167133,-1.1254628677422753,2.331262527560881,-0.17830285335476512,-0.6141644133856868
-1.0739027951163942,-1.5511647503003427,0.8885233166386384,-1.035942013258679,-0.17830285335476512,1.133560942093153
-0.9105056167112006,2.4385801989192517,0.8885233166386384,0.08645950034784113,-0.17830285335476512,-0.39985625938352387
-0.8755951637241318,1.1985243363239724,0.8885233166386384,2.331262527560881,-0.17830285335476512,-0.7500288799785662
0.6427159863046695,0.8750315026034646,-1.1254628677422753,0.08645950034784113,-0.17830285335476512,-0.5492130402108
0.9262448658037865,-0.5267707768520685,0.8885233166386384,0.08645950034784113,-0.17830285335476512,-0.11526256146264276
-0.8116001936301133,-1.3355028611533377,0.8885233166386384,-1.035942013258679,-0.17830285335476512,0.292017063566358
1.1720632301098861,0.9828624471769671,0.8885233166386384,0.08645950034784113,-0.17830285335476512,0.292017063566358
-0.947132236856754,0.551538668882957,0.8885233166386384,0.08645950034784113,-0.17830285335476512,-0.17958638513825537
3.2429350428770904,0.4976231965962057,-1.1254628677422753,0.08645950034784113,-0.17830285335476512,-0.5686670746883022
-0.36056436700416844,1.0367779194637183,-1.1254628677422753,0.08645950034784113,-0.17830285335476512,-0.6703300935707339
-0.8649820247177138,1.8455100037649876,0.8885233166386384,1.2088610139543612,-0.17830285335476512,2.218907801088002
-0.6154603523327788,-0.5267707768520685,-1.1254628677422753,2.331262527560881,-0.17830285335476512,-0.2997621142492779
-0.8659755951778891,1.144608864037221,0.8885233166386384,0.08645950034784113,-0.17830285335476512,2.218907801088002
1.4406433904127292,-0.041531526271307045,-1.1254628677422753,0.08645950034784113,-0.17830285335476512,-0.952727368244155
0.7731446903495006,-0.25719341541831214,-1.1254628677422753,0.08645950034784113,-0.17830285335476512,2.218907801088002
0.7005688844630589,0.7672005580299621,0.8885233166386384,2.331262527560881,-0.17830285335476512,0.292017063566358
2.8436552047675505,0.7132850857432108,-1.1254628677422753,0.08645950034784113,5.608435205522611,-0.9207223437811674
-0.9194929131464227,-0.8502636105725762,0.8885233166386384,-1.035942013258679,-0.17830285335476512,-0.8363169361287781
0.2521976331621297,-0.41893983227856596,0.8885233166386384,2.331262527560881,-0.17830285335476512,-0.5065396742601497
0.5824243242894861,-0.41893983227856596,-1.1254628677422753,0.08645950034784113,-0.17830285335476512,-0.5818456141730619
2.258397041430651,-0.041531526271307045,-1.1254628677422753,2.331262527560881,-0.17830285335476512,-0.4472362465787312
-0.5769369158541636,1.52201717004448,0.8885233166386384,0.08645950034784113,-0.17830285335476512,-0.39985625938352387
-0.5601817049121164,-0.9580945551460787,-1.1254628677422753,0.08645950034784113,-0.17830285335476512,-0.7042177665315444
-0.6290993650133672,0.8750315026034646,0.8885233166386384,0.08645950034784113,-0.17830285335476512,2.218907801088002
-0.18018616618870595,-0.25719341541831214,-1.1254628677422753,-1.035942013258679,-0.17830285335476512,-0.8592224928522889
-0.11655249444384201,0.33587677973595187,0.8885233166386384,0.08645950034784113,-0.17830285335476512,1.133560942093153
0.5913664584310638,0.8211160303167133,0.8885233166386384,0.08645950034784113,-0.17830285335476512,-0.39985625938352387
-0.6397125040197852,1.144608864037221,0.8885233166386384,0.08645950034784113,-0.17830285335476512,2.218907801088002
-0.8470977564345583,2.169002837485495,-1.1254628677422753,0.08645950034784113,-0.17830285335476512,-0.7042177665315444
0.2807402027453476,-0.6885171937123223,-1.1254628677422753,0.08645950034784113,-0.17830285335476512,-0.7042177665315444
-0.7981869924177466,-0.9580945551460787,0.8885233166386384,0.08645950034784113,-0.17830285335476512,-0.8946790395612851
0.3035471610357353,0.7132850857432108,0.8885233166386384,0.08645950034784113,-0.17830285335476512,-0.7726206619524398
2.061805577196873,0.7672005580299621,0.8885233166386384,0.08645950034784113,-0.17830285335476512,1.133560942093153
-0.5039094870312786,1.1985243363239724,0.8885233166386384,2.331262527560881,-0.17830285335476512,2.218907801088002
0.29108236798989967,1.5759326423312312,-1.1254628677422753,0.08645950034784113,-0.17830285335476512,-0.6141644133856868
-0.2255291090076154,-0.8502636105725762,-1.1254628677422753,-1.035942013258679,-0.17830285335476512,-0.17958638513825537
0.9345547278343436,0.17413036287569805,0.8885233166386384,-1.035942013258679,-0.17830285335476512,1.133560942093153
-1.0739027951163942,-1.4972492780135915,0.8885233166386384,-1.035942013258679,-0.17830285335476512,-0.6703300935707339
1.5279872663208676,0.7672005580299621,-1.1254628677422753,0.08645950034784113,-0.17830285335476512,0.292017063566358
-0.06059641261851452,1.0906933917504698,-1.1254628677422753,0.08645950034784113,-0.17830285335476512,-0.7569319244705831
-0.3929908938407989,1.6298481146179824,0.8885233166386384,0.08645950034784113,-0.17830285335476512,-0.25520609980080483
-0.6260734913391969,-0.5806862491388198,0.8885233166386384,0.08645950034784113,-0.17830285335476512,-0.6467969873479488
-0.499348095373201,0.2819613074492006,0.8885233166386384,-1.035942013258679,-0.17830285335476512,-0.11526256146264276
-0.04609931635868391,-0.7424326659990736,0.8885233166386384,0.08645950034784113,-0.17830285335476512,-0.11526256146264276
0.2619526885893054,-0.041531526271307045,-1.1254628677422753,-1.035942013258679,-0.17830285335476512,-0.5065396742601497
-0.27850447945241696,-0.7424326659990736,0.8885233166386384,2.331262527560881,-0.17830285335476512,2.218907801088002
-0.23401962021274983,-1.3355028611533377,-1.1254628677422753,-1.035942013258679,-0.17830285335476512,-0.11526256146264276
-0.31224071280473303,-1.3355028611533377,0.8885233166386384,-1.035942013258679,-0.17830285335476512,-0.4252720141041318
-0.40139108045864463,-0.041531526271307045,-1.1254628677422753,0.08645950034784113,-0.17830285335476512,-1.0123445706752106
-0.6028600724060103,-0.9580945551460787,0.8885233166386384,-1.035942013258679,-0.17830285335476512,2.218907801088002
-0.7226756374444233,-1.389418333440089,0.8885233166386384,-1.035942013258679,-0.17830285335476512,-0.11526256146264276
0.18224124030705927,-1.0659254997195813,0.8885233166386384,0.08645950034784113,-0.17830285335476512,-0.7726206619524398
0.8071067351700384,-0.7424326659990736,-1.1254628677422753,1.2088610139543612,-0.17830285335476512,0.592613273718733
-0.2207419058813162,1.3602707531842262,-1.1254628677422753,1.2088610139543612,-0.17830285335476512,-0.8498092503631749
0.6183735100303744,0.6054541411697082,0.8885233166386384,0.08645950034784113,-0.17830285335476512,-0.25520609980080483
-1.0739027951163942,-1.6589956948738454,-1.1254628677422753,-1.035942013258679,-0.17830285335476512,-0.7042177665315444
-1.0739027951163942,-1.4433338057268401,0.8885233166386384,-1.035942013258679,-0.17830285335476512,0.28574156857361527
0.20879666896992655,1.6298481146179824,-1.1254628677422753,0.08645950034784113,-0.17830285335476512,-0.39985625938352387
0.15916330825480554,0.8211160303167133,0.8885233166386384,1.2088610139543612,-0.17830285335476512,0.592613273718733
-0.46353439651324563,-1.1198409720063325,-1.1254628677422753,2.331262527560881,-0.17830285335476512,-0.39985625938352387
0.2509330889400884,0.33587677973595187,0.8885233166386384,0.08645950034784113,-0.17830285335476512,-0.11526256146264276
-0.8056387708690614,-0.8502636105725762,0.8885233166386384,0.08645950034784113,-0.17830285335476512,-0.8592224928522889
-0.7941223859897567,1.6837635869047338,0.8885233166386384,2.331262527560881,-0.17830285335476512,-0.6493071853450458
-0.4529212575068276,-1.3355028611533377,-1.1254628677422753,-1.035942013258679,-0.17830285335476512,0.292017063566358
-0.48168963855826713,-1.3355028611533377,0.8885233166386384,-1.035942013258679,-0.17830285335476512,0.292017063566358
2.725149346244823,0.7132850857432108,-1.1254628677422753,0.08645950034784113,-0.17830285335476512,-0.6888428037993248
0.7808674425626814,0.7132850857432108,-1.1254628677422753,-1.035942013258679,-0.17830285335476512,2.218907801088002
-0.920350996725665,-1.389418333440089,0.8885233166386384,-1.035942013258679,-0.17830285335476512,-0.8971892375583822
-0.20308344906638234,-0.20327794313156086,-1.1254628677422753,2.331262527560881,-0.17830285335476512,-0.20468836510922614
-0.8132260362013092,-1.389418333440089,-1.1254628677422753,-1.035942013258679,-0.17830285335476512,-0.7042177665315444
1.1586951911911638,0.012383946015444226,-1.1254628677422753,0.08645950034784113,-0.17830285335476512,-0.9957145089444425
-0.6608484574453326,1.95334094833849,-1.1254628677422753,2.331262527560881,-0.17830285335476512,-0.9957145089444425
-0.1869605102353558,-0.41893983227856596,0.8885233166386384,1.2088610139543612,-0.17830285335476512,1.133560942093153
0.4046655365053949,0.8211160303167133,0.8885233166386384,-1.035942013258679,-0.17830285335476512,-0.5583125079502769
0.5002289498568017,-0.20327794313156086,-1.1254628677422753,2.331262527560881,-0.17830285335476512,-0.824393495642567
-0.5100515589669077,-1.0659254997195813,-1.1254628677422753,2.331262527560881,-0.17830285335476512,-0.6910392270467848
-0.5137548670457429,-0.6885171937123223,-1.1254628677422753,0.08645950034784113,-0.17830285335476512,0.292017063566358
-1.0739027951163942,-1.4972492780135915,-1.1254628677422753,-1.035942013258679,-0.17830285335476512,-0.7042177665315444
0.3961750253002605,0.17413036287569805,-1.1254628677422753,0.08645950034784113,-0.17830285335476512,1.133560942093153
-0.9275769637087581,1.0906933917504698,-1.1254628677422753,-1.035942013258679,-0.17830285335476512,0.32810115977462845
-0.9512871678720325,0.9289469748902159,-1.1254628677422753,0.08645950034784113,-0.17830285335476512,0.28574156857361527
0.9868075015808359,0.012383946015444226,0.8885233166386384,1.2088610139543612,-0.17830285335476512,-0.5583125079502769
-0.7964256629656177,-1.173756444293084,0.8885233166386384,0.08645950034784113,-0.17830285335476512,-0.6643683733276283
-1.0739027951163942,-1.4972492780135915,0.8885233166386384,-1.035942013258679,-0.17830285335476512,-0.591258856662176
-0.9231058966379693,-1.2815873888665863,0.8885233166386384,-1.035942013258679,-0.17830285335476512,-0.5065396742601497
-0.5271680682581096,-1.3355028611533377,-1.1254628677422753,-1.035942013258679,-0.17830285335476512,-0.7042177665315444
-1.0739027951163942,-1.4433338057268401,0.8885233166386384,-1.035942013258679,-0.17830285335476512,2.218907801088002
-1.0739027951163942,-1.5511647503003427,-1.1254628677422753,-1.035942013258679,-0.17830285335476512,-0.11526256146264276
1.7209657470630988,0.44370772430945443,0.8885233166386384,0.08645950034784113,-0.17830285335476512,-0.11526256146264276
0.3285670717146953,0.6054541411697082,-1.1254628677422753,0.08645950034784113,-0.17830285335476512,-0.4252720141041318
0.008772870419179605,0.0662994183021955,0.8885233166386384,-1.035942013258679,-0.17830285335476512,-0.4528841920721996
0.0029017722454164297,0.8211160303167133,0.8885233166386384,0.08645950034784113,-0.17830285335476512,0.292017063566358
-0.9135314903853708,-0.9041790828593275,0.8885233166386384,0.08645950034784113,-0.17830285335476512,-0.5818456141730619
-0.499077121611335,-0.47285530456531727,-1.1254628677422753,-1.035942013258679,-0.17830285335476512,-0.7186514050148527
-0.8703111753677449,1.3602707531842262,0.8885233166386384,-1.035942013258679,-0.17830285335476512,-0.7939573449277649
-0.2266581663487237,0.22804583516244933,0.8885233166386384,-1.035942013258679,5.608435205522611,2.218907801088002
0.5626432396732687,-0.1493624708448096,-1.1254628677422753,-1.035942013258679,-0.17830285335476512,0.592613273718733
1.1671857023962984,0.6054541411697082,0.8885233166386384,2.331262527560881,-0.17830285335476512,-0.7042177665315444
4.760884894556737,0.6054541411697082,-1.1254628677422753,1.2088610139543612,-0.17830285335476512,0.292017063566358
0.7191757494445238,-0.3111088877050634,0.8885233166386384,-1.035942013258679,-0.17830285335476512,0.27162170483994424
-0.20227052778078436,0.7132850857432108,-1.1254628677422753,0.08645950034784113,-0.17830285335476512,-0.5818456141730619
0.1571310050408106,1.3602707531842262,0.8885233166386384,0.08645950034784113,-0.17830285335476512,-0.11526256146264276
0.08591006796369885,0.6593696134564595,-1.1254628677422753,0.08645950034784113,-0.17830285335476512,-0.8971892375583822
0.1273238912355514,0.7132850857432108,-1.1254628677422753,0.08645950034784113,-0.17830285335476512,1.133560942093153
-0.5404457825895432,-0.634601721425571,-1.1254628677422753,2.331262527560881,-0.17830285335476512,-1.0123445706752106
0.2840370501813838,1.3602707531842262,-1.1254628677422753,0.08645950034784113,-0.17830285335476512,-0.7042177665315444
-0.2986920247114334,-0.3111088877050634,-1.1254628677422753,0.08645950034784113,-0.17830285335476512,-0.7042177665315444
-0.5007932887698197,0.6054541411697082,-1.1254628677422753,0.08645950034784113,-0.17830285335476512,-0.7500288799785662
0.5297199276065505,0.6593696134564595,0.8885233166386384,0.08645950034784113,-0.17830285335476512,-0.7042177665315444
-0.6953976120832467,0.012383946015444226,0.8885233166386384,0.08645950034784113,-0.17830285335476512,0.27162170483994424
-0.2797690236744583,1.0906933917504698,-1.1254628677422753,2.331262527560881,-0.17830285335476512,-0.7042177665315444
-0.5807757108139318,1.5759326423312312,-1.1254628677422753,0.08645950034784113,-0.17830285335476512,0.292017063566358
-0.4880123596684736,0.33587677973595187,-1.1254628677422753,0.08645950034784113,-0.17830285335476512,2.218907801088002
-0.7140496393583559,1.3063552808974748,-1.1254628677422753,0.08645950034784113,-0.17830285335476512,2.218907801088002
0.1932608399562763,-0.634601721425571,0.8885233166386384,2.331262527560881,-0.17830285335476512,2.218907801088002
0.24668783333752117,0.7672005580299621,0.8885233166386384,0.08645950034784113,5.608435205522611,-0.7042177665315444
-1.0739027951163942,-1.6589956948738454,0.8885233166386384,-1.035942013258679,-0.17830285335476512,-0.44660869707945694
-0.18483788243407218,1.0906933917504698,0.8885233166386384,0.08645950034784113,-0.17830285335476512,-0.7327712687485237
0.8823019540878514,-0.5806862491388198,-1.1254628677422753,1.2088610139543612,-0.17830285335476512,-0.25520609980080483
-0.1712440320471282,0.0662994183021955,0.8885233166386384,1.2088610139543612,-0.17830285335476512,-0.8510643493617235
0.7439698486552621,-0.20327794313156086,0.8885233166386384,1.2088610139543612,-0.17830285335476512,-0.7042177665315444
-1.0739027951163942,-1.4972492780135915,0.8885233166386384,-1.035942013258679,-0.17830285335476512,2.218907801088002
-0.8252843686043458,-1.389418333440089,0.8885233166386384,-1.035942013258679,-0.17830285335476512,-0.7939573449277649
-1.0739027951163942,-1.5511647503003427,-1.1254628677422753,-1.035942013258679,-0.17830285335476512,-0.7327712687485237
-0.240703639672111,-0.25719341541831214,-1.1254628677422753,0.08645950034784113,-0.17830285335476512,-0.6703300935707339
0.1347756696868662,-0.6885171937123223,0.8885233166386384,0.08645950034784113,-0.17830285335476512,2.218907801088002
-0.04962197526294182,1.0906933917504698,-1.1254628677422753,-1.035942013258679,-0.17830285335476512,0.4316468271548829
-0.1327205955685129,-0.09544699855805833,-1.1254628677422753,0.08645950034784113,-0.17830285335476512,0.2553054178588132
-0.5948211841373191,1.0367779194637183,0.8885233166386384,0.08645950034784113,-0.17830285335476512,-0.17958638513825537
0.1524792887954444,-1.173756444293084,-1.1254628677422753,0.08645950034784113,-0.17830285335476512,2.218907801088002
-1.0739027951163942,-1.4433338057268401,0.8885233166386384,-1.035942013258679,-0.17830285335476512,2.218907801088002
-0.38287454006446847,1.3602707531842262,-1.1254628677422753,0.08645950034784113,-0.17830285335476512,-0.952727368244155
-0.6503256430262032,1.3602707531842262,0.8885233166386384,0.08645950034784113,-0.17830285335476512,2.218907801088002
0.11675591452277768,-0.1493624708448096,-1.1254628677422753,0.08645950034784113,-0.17830285335476512,-0.8498092503631749
-0.26495579135911734,-0.634601721425571,0.8885233166386384,0.08645950034784113,-0.17830285335476512,-0.05470403478267578
-0.13050764317994062,-1.1198409720063325,0.8885233166386384,1.2088610139543612,-0.17830285335476512,-0.6141644133856868
-0.25917501777264285,-0.9041790828593275,0.8885233166386384,0.08645950034784113,-0.17830285335476512,2.218907801088002
1.646764098605461,-0.1493624708448096,0.8885233166386384,0.08645950034784113,-0.17830285335476512,-0.11526256146264276
-1.0739027951163942,-1.6589956948738454,0.8885233166386384,-1.035942013258679,-0.17830285335476512,-0.8956203638101966
0.5636368101334439,0.0662994183021955,0.8885233166386384,0.08645950034784113,-0.17830285335476512,0.592613273718733
1.4725279697256277,-0.47285530456531727,-1.1254628677422753,2.331262527560881,-0.17830285335476512,0.292017063566358
-0.154488821105081,-0.09544699855805833,0.8885233166386384,-1.035942013258679,-0.17830285335476512,0.2553054178588132
2.3754125442631153,0.6593696134564595,-1.1254628677422753,0.08645950034784113,-0.17830285335476512,-0.5583125079502769
-1.0739027951163942,-1.4433338057268401,0.8885233166386384,-1.035942013258679,-0.17830285335476512,0.292017063566358
-0.9602293020136102,2.115087365198744,-1.1254628677422753,-1.035942013258679,-0.17830285335476512,2.218907801088002
-0.24336821499712658,-0.3111088877050634,0.8885233166386384,0.08645950034784113,-0.17830285335476512,0.4316468271548829
-0.7035268249392265,-1.389418333440089,-1.1254628677422753,-1.035942013258679,-0.17830285335476512,0.292017063566358
-0.5443749021366001,-0.7424326659990736,-1.1254628677422753,-1.035942013258679,-0.17830285335476512,2.218907801088002
0.2929340220293173,-0.5267707768520685,0.8885233166386384,-1.035942013258679,-0.17830285335476512,-0.20468836510922614
-0.5179549603546658,-0.20327794313156086,0.8885233166386384,-1.035942013258679,-0.17830285335476512,-0.2997621142492779
-0.06579007638761271,0.33587677973595187,-1.1254628677422753,0.08645950034784113,-0.17830285335476512,-0.7500288799785662
-0.8797049324457661,-1.0659254997195813,0.8885233166386384,-1.035942013258679,-0.17830285335476512,-0.6141644133856868
-0.37045490931227715,0.12021489058894677,0.8885233166386384,-1.035942013258679,-0.17830285335476512,-0.5065396742601497
-0.2722720829294991,0.6593696134564595,0.8885233166386384,0.08645950034784113,-0.17830285335476512,2.218907801088002
-0.25271680978150335,-0.5806862491388198,0.8885233166386384,0.08645950034784113,-0.17830285335476512,-0.11526256146264276
-0.177882889212845,0.33587677973595187,0.8885233166386384,2.331262527560881,-0.17830285335476512,-0.7327712687485237
0.27364972264318743,-0.41893983227856596,0.8885233166386384,0.08645950034784113,-0.17830285335476512,-0.6910392270467848
0.15762779027089824,1.3063552808974748,-1.1254628677422753,0.08645950034784113,-0.17830285335476512,-0.9724951774712945
2.436426802976608,0.7132850857432108,0.8885233166386384,0.08645950034784113,-0.17830285335476512,-0.7939573449277649
-1.0739027951163942,-1.4433338057268401,-1.1254628677422753,-1.035942013258679,-0.17830285335476512,-0.7807788054430053
-0.6990105955747933,2.0611718929119927,-1.1254628677422753,-1.035942013258679,-0.17830285335476512,-0.8498092503631749
-0.5853371024720093,-0.8502636105725762,0.8885233166386384,0.08645950034784113,-0.17830285335476512,2.218907801088002
-0.03133124633698731,-0.9041790828593275,0.8885233166386384,-1.035942013258679,-0.17830285335476512,-0.7939573449277649
-0.5116774015381037,-0.634601721425571,-1.1254628677422753,0.08645950034784113,-0.17830285335476512,0.292017063566358
-0.535658579463244,-1.3355028611533377,0.8885233166386384,-1.035942013258679,-0.17830285335476512,-0.8592224928522889
0.8173134135336574,-0.3650243599918147,0.8885233166386384,-1.035942013258679,-0.17830285335476512,-0.8592224928522889
0.7628928496922373,-0.7424326659990736,-1.1254628677422753,1.2088610139543612,-0.17830285335476512,0.292017063566358
-0.6457642513681258,-0.09544699855805833,-1.1254628677422753,0.08645950034784113,-0.17830285335476512,-0.5488992654611629
0.6987172304236413,0.7132850857432108,0.8885233166386384,-1.035942013258679,-0.17830285335476512,2.218907801088002
0.5174809460289366,0.6054541411697082,-1.1254628677422753,0.08645950034784113,-0.17830285335476512,-0.8642428888464831
0.254004124907903,-0.41893983227856596,-1.1254628677422753,2.331262527560881,-0.17830285335476512,-0.11526256146264276
-1.0739027951163942,-1.4972492780135915,-1.1254628677422753,-1.035942013258679,-0.17830285335476512,-0.7042177665315444
0.5936245731132804,0.4976231965962057,0.8885233166386384,1.2088610139543612,-0.17830285335476512,-1.0054415261831937
0.41690451808300893,0.6054541411697082,0.8885233166386384,0.08645950034784113,-0.17830285335476512,-0.5536058867057199
-1.0739027951163942,-1.4972492780135915,0.8885233166386384,-1.035942013258679,-0.17830285335476512,1.0102474654857592
2.6570446074291705,0.6593696134564595,-1.1254628677422753,0.08645950034784113,-0.17830285335476512,0.292017063566358
0.14258874648733566,1.0906933917504698,0.8885233166386384,-1.035942013258679,-0.17830285335476512,-0.5492130402108
0.339541509070268,-0.20327794313156086,-1.1254628677422753,0.08645950034784113,5.608435205522611,-0.8498092503631749
1.1155200384671824,0.12021489058894677,-1.1254628677422753,0.08645950034784113,-0.17830285335476512,-0.44660869707945694
-0.934215820874475,2.0611718929119927,-1.1254628677422753,0.08645950034784113,-0.17830285335476512,-0.8498092503631749
-0.13701101346472447,0.12021489058894677,-1.1254628677422753,0.08645950034784113,-0.17830285335476512,-0.8956203638101966
0.41916263276522553,-0.1493624708448096,-1.1254628677422753,-1.035942013258679,-0.17830285335476512,-0.11526256146264276
0.979355723129521,0.7132850857432108,0.8885233166386384,0.08645950034784113,-0.17830285335476512,-0.8498092503631749
-0.30379536389324296,-0.1493624708448096,0.8885233166386384,-1.035942013258679,-0.17830285335476512,2.218907801088002
-0.5304649156941458,2.2229183097722465,-1.1254628677422753,0.08645950034784113,-0.17830285335476512,-0.8971892375583822
-0.14527571320163724,0.33587677973595187,0.8885233166386384,0.08645950034784113,-0.17830285335476512,-0.7807788054430053
3.495482588936196,0.33587677973595187,0.8885233166386384,0.08645950034784113,-0.17830285335476512,-0.11526256146264276
-0.6629710852466163,-0.8502636105725762,-1.1254628677422753,-1.035942013258679,-0.17830285335476512,-0.9696712047245604
-0.32515712878701203,-0.47285530456531727,-1.1254628677422753,0.08645950034784113,-0.17830285335476512,-0.9724951774712945
-0.4064040950531655,2.3846647266325003,0.8885233166386384,2.331262527560881,-0.17830285335476512,-0.11526256146264276
-1.0739027951163942,-1.6589956948738454,-1.1254628677422753,-1.035942013258679,-0.17830285335476512,-0.5868660101672561
0.47940913248676453,0.551538668882957,0.8885233166386384,0.08645950034784113,-0.17830285335476512,-0.6643683733276283
-0.5066643869435828,-0.6885171937123223,0.8885233166386384,0.08645950034784113,-0.17830285335476512,-0.8463577281171665
-0.5049030574914538,-0.3650243599918147,-1.1254628677422753,-1.035942013258679,-0.17830285335476512,0.592613273718733
0.6055022563417398,-0.41893983227856596,-1.1254628677422753,-1.035942013258679,-0.17830285335476512,-0.7807788054430053
0.9474711438166226,0.4976231965962057,0.8885233166386384,0.08645950034784113,-0.17830285335476512,2.218907801088002
-1.0739027951163942,-1.4433338057268401,0.8885233166386384,-1.035942013258679,-0.17830285335476512,2.218907801088002
0.7895386029423932,-0.5267707768520685,-1.1254628677422753,0.08645950034784113,-0.17830285335476512,2.218907801088002
1.0434861801044726,-0.41893983227856596,-1.1254628677422753,0.08645950034784113,-0.17830285335476512,-0.7500288799785662
-0.7540182692335898,1.7915945314782362,0.8885233166386384,0.08645950034784113,-0.17830285335476512,-0.11526256146264276
-1.0739027951163942,-1.4972492780135915,-1.1254628677422753,-1.035942013258679,-0.17830285335476512,0.292017063566358
-0.4708958503772718,0.22804583516244933,0.8885233166386384,-1.035942013258679,-0.17830285335476512,-0.6467969873479488
-0.035395852764977205,-1.227671916579835,0.8885233166386384,-1.035942013258679,-0.17830285335476512,2.218907801088002
-0.8274973209929182,1.0367779194637183,-1.1254628677422753,2.331262527560881,-0.17830285335476512,1.133560942093153
-0.6818489239899471,1.3063552808974748,0.8885233166386384,0.08645950034784113,-0.17830285335476512,-0.9696712047245604
-1.0739027951163942,-1.6589956948738454,-1.1254628677422753,-1.035942013258679,-0.17830285335476512,-0.4528841920721996
-0.04497025901757561,-1.01201002743283,0.8885233166386384,-1.035942013258679,-0.17830285335476512,-0.8642428888464831
-0.6402544515435172,1.8994254760517388,-1.1254628677422753,0.08645950034784113,-0.17830285335476512,-0.4528841920721996
-0.1397659133770287,0.012383946015444226,-1.1254628677422753,-1.035942013258679,-0.17830285335476512,-0.11526256146264276
0.07439368308439416,0.12021489058894677,0.8885233166386384,0.08645950034784113,-0.17830285335476512,-0.4528841920721996
-0.7750187357782042,-0.25719341541831214,0.8885233166386384,-1.035942013258679,-0.17830285335476512,-0.8592224928522889
-0.4811928533281795,1.1985243363239724,0.8885233166386384,0.08645950034784113,-0.17830285335476512,-0.7500288799785662
-1.0739027951163942,-1.4433338057268401,0.8885233166386384,-1.035942013258679,-0.17830285335476512,0.28574156857361527
-0.6866361271162463,0.44370772430945443,0.8885233166386384,0.08645950034784113,-0.17830285335476512,-0.7042177665315444
0.12664645683088643,-1.1198409720063325,0.8885233166386384,0.08645950034784113,-0.17830285335476512,-0.11526256146264276
0.3114054001298491,1.0906933917504698,0.8885233166386384,0.08645950034784113,-0.17830285335476512,-0.05470403478267578
-0.7108882788032527,1.95334094833849,0.8885233166386384,0.08645950034784113,-0.17830285335476512,-0.11526256146264276
-1.0739027951163942,-1.5511647503003427,-1.1254628677422753,-1.035942013258679,-0.17830285335476512,0.27162170483994424
0.241223195806557,-0.41893983227856596,-1.1254628677422753,1.2088610139543612,-0.17830285335476512,-0.11526256146264276
1.5401810856048372,-0.25719341541831214,0.8885233166386384,-1.035942013258679,-0.17830285335476512,0.28574156857361527
1.167547000745453,0.551538668882957,0.8885233166386384,0.08645950034784113,-0.17830285335476512,1.0102474654857592
-0.48706395150194265,-0.9580945551460787,0.8885233166386384,2.331262527560881,-0.17830285335476512,-0.11526256146264276
-0.7868964190066635,1.7915945314782362,-1.1254628677422753,0.08645950034784113,-0.17830285335476512,-0.44660869707945694
-0.2698333190727052,-1.227671916579835,-1.1254628677422753,0.08645950034784113,-0.17830285335476512,2.218907801088002
-0.16257287166741644,0.2819613074492006,0.8885233166386384,0.08645950034784113,5.608435205522611,-0.7324574939988866
1.3940810656654228,0.22804583516244933,-1.1254628677422753,-1.035942013258679,-0.17830285335476512,-0.824393495642567
-0.8066323413292367,-0.7963481382858248,-1.1254628677422753,0.08645950034784113,-0.17830285335476512,-0.5065396742601497
-1.0739027951163942,-1.4433338057268401,0.8885233166386384,-1.035942013258679,-0.17830285335476512,1.133560942093153
-1.0739027951163942,-1.4972492780135915,-1.1254628677422753,-1.035942013258679,-0.17830285335476512,-0.11526256146264276
-0.5113612654825933,-0.6885171937123223,-1.1254628677422753,0.08645950034784113,-0.17830285335476512,0.292017063566358
-0.7009977364951439,-0.7963481382858248,0.8885233166386384,0.08645950034784113,-0.17830285335476512,0.28574156857361527
0.29076623193438933,0.12021489058894677,0.8885233166386384,-1.035942013258679,5.608435205522611,-0.7569319244705831
1.2160061418258212,0.6054541411697082,-1.1254628677422753,0.08645950034784113,-0.17830285335476512,-0.11526256146264276
-0.08444210366272188,0.3897922520227031,-1.1254628677422753,0.08645950034784113,-0.17830285335476512,-0.4528841920721996
1.6151504930544285,0.7132850857432108,-1.1254628677422753,-1.035942013258679,-0.17830285335476512,2.218907801088002
-0.5906210908283962,1.737679059191485,0.8885233166386384,1.2088610139543612,-0.17830285335476512,-0.6643683733276283
0.01590851281498408,0.17413036287569805,0.8885233166386384,0.08645950034784113,-0.17830285335476512,-0.5868660101672561
-0.3627773193927407,-0.7424326659990736,-1.1254628677422753,0.08645950034784113,-0.17830285335476512,-0.4472362465787312
-0.5758078585130553,0.12021489058894677,-1.1254628677422753,-1.035942013258679,-0.17830285335476512,-0.7807788054430053
-1.0739027951163942,-1.5511647503003427,0.8885233166386384,-1.035942013258679,-0.17830285335476512,2.218907801088002
0.29961804148867843,-0.3650243599918147,-1.1254628677422753,0.08645950034784113,-0.17830285335476512,2.218907801088002
-1.0739027951163942,-1.6589956948738454,0.8885233166386384,-1.035942013258679,-0.17830285335476512,-0.03776019830227051
0.7920676913864758,0.551538668882957,-1.1254628677422753,0.08645950034784113,-0.17830285335476512,-0.11526256146264276
-0.5737755552990603,0.44370772430945443,0.8885233166386384,0.08645950034784113,-0.17830285335476512,-0.5488992654611629
-0.17684415645902538,0.22804583516244933,0.8885233166386384,-1.035942013258679,-0.17830285335476512,-0.05470403478267578
0.613541144610431,0.44370772430945443,0.8885233166386384,2.331262527560881,-0.17830285335476512,-0.7327712687485237
0.40290420705326596,0.4976231965962057,0.8885233166386384,2.331262527560881,-0.17830285335476512,-0.7042177665315444
0.9074573516477443,-0.1493624708448096,0.8885233166386384,0.08645950034784113,-0.17830285335476512,1.133560942093153
-0.48060574351080315,1.52201717004448,0.8885233166386384,0.08645950034784113,-0.17830285335476512,-0.7726206619524398
-0.7164884032151498,2.0072564206252412,0.8885233166386384,0.08645950034784113,-0.17830285335476512,2.218907801088002
-0.48733492526380867,-0.3650243599918147,0.8885233166386384,2.331262527560881,-0.17830285335476512,-0.05470403478267578
-0.9636164740369352,-1.3355028611533377,0.8885233166386384,-1.035942013258679,-0.17830285335476512,-0.39985625938352387
-1.0739027951163942,-1.4972492780135915,-1.1254628677422753,-1.035942013258679,-0.17830285335476512,-0.5065396742601497
0.6755038114904546,0.22804583516244933,-1.1254628677422753,2.331262527560881,-0.17830285335476512,-0.9957145089444425
0.9672070661391957,0.8211160303167133,-1.1254628677422753,0.08645950034784113,-0.17830285335476512,0.28574156857361527
-0.46434731779884364,0.9289469748902159,0.8885233166386384,0.08645950034784113,-0.17830285335476512,-0.5686670746883022
-0.6765197733399159,-0.9041790828593275,0.8885233166386384,0.08645950034784113,-0.17830285335476512,-1.0123445706752106
-0.7245724537774852,0.4976231965962057,0.8885233166386384,0.08645950034784113,-0.17830285335476512,1.133560942093153
0.4483374744594641,0.6593696134564595,-1.1254628677422753,0.08645950034784113,-0.17830285335476512,0.27162170483994424
-0.51226451135548,-0.7963481382858248,-1.1254628677422753,-1.035942013258679,-0.17830285335476512,-0.11526256146264276
0.42155623432837513,0.6054541411697082,-1.1254628677422753,0.08645950034784113,-0.17830285335476512,-0.8498092503631749
2.398671125489946,-0.09544699855805833,0.8885233166386384,-1.035942013258679,-0.17830285335476512,0.28574156857361527
-0.8037871168296438,1.6298481146179824,0.8885233166386384,0.08645950034784113,5.608435205522611,-0.11526256146264276
3.9392924485790473,0.44370772430945443,-1.1254628677422753,-1.035942013258679,-0.17830285335476512,-0.9957145089444425
0.33606401245965445,-0.5267707768520685,-1.1254628677422753,-1.035942013258679,-0.17830285335476512,-0.7939573449277649
-0.5287035862420169,1.2524398086107236,-1.1254628677422753,0.08645950034784113,-0.17830285335476512,2.218907801088002
4.700006122724178,0.551538668882957,-1.1254628677422753,0.08645950034784113,-0.17830285335476512,-0.11526256146264276
0.10067813798539546,-0.5267707768520685,0.8885233166386384,2.331262527560881,-0.17830285335476512,-0.5488992654611629
-0.7007719250269222,0.8750315026034646,-1.1254628677422753,0.08645950034784113,-0.17830285335476512,-0.39985625938352387
-0.6198862571099234,-0.09544699855805833,0.8885233166386384,-1.035942013258679,-0.17830285335476512,-0.5686670746883022
0.005295373808566032,-0.5267707768520685,-1.1254628677422753,0.08645950034784113,-0.17830285335476512,-0.5488992654611629
0.8469398781643392,-0.25719341541831214,-1.1254628677422753,0.08645950034784113,-0.17830285335476512,-0.5686670746883022
2.1865438322425184,-0.634601721425571,-1.1254628677422753,-1.035942013258679,-0.17830285335476512,-0.6643683733276283
-0.09631978689118123,0.2819613074492006,0.8885233166386384,-1.035942013258679,-0.17830285335476512,-0.6141644133856868
-0.2875369381812834,-0.5806862491388198,0.8885233166386384,1.2088610139543612,-0.17830285335476512,-0.9724951774712945
-1.0739027951163942,-1.4433338057268401,0.8885233166386384,-1.035942013258679,-0.17830285335476512,-0.8498092503631749
-0.3784486352873239,0.8750315026034646,-1.1254628677422753,0.08645950034784113,5.608435205522611,2.218907801088002
-0.5066643869435828,0.12021489058894677,-1.1254628677422753,0.08645950034784113,-0.17830285335476512,2.218907801088002
-0.6552031707397912,-0.8502636105725762,-1.1254628677422753,0.08645950034784113,-0.17830285335476512,0.2553054178588132
-0.2435037018780596,-1.389418333440089,-1.1254628677422753,-1.035942013258679,-0.17830285335476512,-0.11526256146264276
0.5784048801551406,0.3897922520227031,0.8885233166386384,-1.035942013258679,-0.17830285335476512,-0.7500288799785662
-0.6223250209667174,0.012383946015444226,-1.1254628677422753,0.08645950034784113,-0.17830285335476512,2.218907801088002
-1.0739027951163942,-1.6589956948738454,-1.1254628677422753,-1.035942013258679,-0.17830285335476512,-0.11526256146264276
0.37422615058911507,0.22804583516244933,-1.1254628677422753,0.08645950034784113,-0.17830285335476512,2.218907801088002
-0.13895299209143075,-0.7424326659990736,0.8885233166386384,1.2088610139543612,-0.17830285335476512,-0.5583125079502769
-0.21184493403338278,0.44370772430945443,0.8885233166386384,0.08645950034784113,-0.17830285335476512,-0.5065396742601497
-0.6672163408491835,-0.9580945551460787,0.8885233166386384,0.08645950034784113,-0.17830285335476512,-0.11526256146264276
-0.6450868169634607,-1.01201002743283,0.8885233166386384,1.2088610139543612,-0.17830285335476512,-0.25520609980080483
-0.8125486017966442,-1.389418333440089,-1.1254628677422753,-1.035942013258679,-0.17830285335476512,-0.03776019830227051
0.19484152023382792,1.3602707531842262,-1.1254628677422753,0.08645950034784113,-0.17830285335476512,0.292017063566358
1.5927951577004842,0.6054541411697082,-1.1254628677422753,-1.035942013258679,-0.17830285335476512,-0.7569319244705831
-0.634112379607888,0.6593696134564595,0.8885233166386384,0.08645950034784113,-0.17830285335476512,-0.39985625938352387
-0.7501343119801772,-0.25719341541831214,0.8885233166386384,-1.035942013258679,-0.17830285335476512,-0.8642428888464831
-0.669203481769534,2.276833782058998,-1.1254628677422753,2.331262527560881,-0.17830285335476512,-0.5868660101672561
1.5104642963868666,-0.47285530456531727,-1.1254628677422753,0.08645950034784113,-0.17830285335476512,-0.7726206619524398
0.9013604420057595,1.1985243363239724,-1.1254628677422753,0.08645950034784113,-0.17830285335476512,-0.11526256146264276
1.164024341841195,0.4976231965962057,0.8885233166386384,0.08645950034784113,-0.17830285335476512,-0.486458090283373
-0.9487129171343055,-1.173756444293084,0.8885233166386384,2.331262527560881,-0.17830285335476512,1.0102474654857592
1.4685536878849266,-0.3111088877050634,-1.1254628677422753,0.08645950034784113,-0.17830285335476512,0.292017063566358
-1.0739027951163942,-1.4972492780135915,-1.1254628677422753,-1.035942013258679,-0.17830285335476512,0.292017063566358
-0.5660979653795238,1.52201717004448,0.8885233166386384,0.08645950034784113,-0.17830285335476512,-0.4252720141041318
-0.425507745264718,1.7915945314782362,0.8885233166386384,0.08645950034784113,-0.17830285335476512,0.292017063566358
-0.21496113229484168,1.4141862254709774,0.8885233166386384,2.331262527560881,-0.17830285335476512,0.28574156857361527
0.28841779266488404,-0.3650243599918147,-1.1254628677422753,0.08645950034784113,-0.17830285335476512,0.4316468271548829
0.014056858775566462,1.2524398086107236,-1.1254628677422753,0.08645950034784113,-0.17830285335476512,-1.0054415261831937
-0.06366744858632911,-0.634601721425571,0.8885233166386384,-1.035942013258679,-0.17830285335476512,-0.5583125079502769
-0.47590886497179263,-1.389418333440089,0.8885233166386384,-1.035942013258679,-0.17830285335476512,2.218907801088002
2.4181360740506537,-0.41893983227856596,-1.1254628677422753,0.08645950034784113,-0.17830285335476512,2.218907801088002
2.4439237437215673,-0.47285530456531727,-1.1254628677422753,-1.035942013258679,-0.17830285335476512,2.218907801088002
0.34360611549825787,-0.09544699855805833,0.8885233166386384,-1.035942013258679,-0.17830285335476512,-0.11526256146264276
-0.7287725470864082,1.1985243363239724,0.8885233166386384,0.08645950034784113,-0.17830285335476512,-0.5686670746883022
0.19985453482834878,-0.20327794313156086,0.8885233166386384,-1.035942013258679,-0.17830285335476512,-0.11526256146264276
-0.1866895364734898,-0.25719341541831214,-1.1254628677422753,0.08645950034784113,-0.17830285335476512,-0.2997621142492779
-0.5400393219467442,-0.7963481382858248,-1.1254628677422753,0.08645950034784113,-0.17830285335476512,-0.11526256146264276
-1.0020495859282617,-1.01201002743283,-1.1254628677422753,-1.035942013258679,-0.17830285335476512,-0.11526256146264276
-1.0739027951163942,-1.6589956948738454,0.8885233166386384,-1.035942013258679,-0.17830285335476512,-0.11526256146264276
-0.09582300166109357,0.2819613074492006,0.8885233166386384,-1.035942013258679,-0.17830285335476512,-0.6643683733276283
-1.0739027951163942,-1.4433338057268401,-1.1254628677422753,-1.035942013258679,-0.17830285335476512,-0.7726206619524398
-0.4352628006918937,-1.389418333440089,-1.1254628677422753,-1.035942013258679,-0.17830285335476512,-0.5536058867057199
3.0174397107109403,0.33587677973595187,-1.1254628677422753,0.08645950034784113,-0.17830285335476512,-0.11526256146264276
-1.0739027951163942,-1.4433338057268401,-1.1254628677422753,-1.035942013258679,-0.17830285335476512,-0.952727368244155
-0.25303294583701363,1.3063552808974748,0.8885233166386384,2.331262527560881,-0.17830285335476512,-0.7500288799785662
-0.9216607032413506,-1.3355028611533377,0.8885233166386384,-1.035942013258679,-0.17830285335476512,-0.44660869707945694
3.3775638402308448,-0.041531526271307045,0.8885233166386384,1.2088610139543612,5.608435205522611,0.292017063566358
0.2883274680775954,-0.3111088877050634,-1.1254628677422753,0.08645950034784113,-0.17830285335476512,-0.11526256146264276
0.3591871068055525,-0.47285530456531727,-1.1254628677422753,0.08645950034784113,-0.17830285335476512,-0.6141644133856868
0.1741571897447238,-0.20327794313156086,0.8885233166386384,2.331262527560881,-0.17830285335476512,-0.5536058867057199
-0.10815230782599623,0.7672005580299621,0.8885233166386384,0.08645950034784113,-0.17830285335476512,-0.2997621142492779
1.8773176076597764,0.7672005580299621,0.8885233166386384,0.08645950034784113,-0.17830285335476512,-0.03776019830227051
3.54556757258776,0.6593696134564595,0.8885233166386384,1.2088610139543612,-0.17830285335476512,0.292017063566358
0.2934308072594049,0.0662994183021955,0.8885233166386384,-1.035942013258679,-0.17830285335476512,-0.11526256146264276
0.09250376283577134,1.6837635869047338,0.8885233166386384,0.08645950034784113,5.608435205522611,-0.8946790395612851
-0.8849437585085086,-0.9041790828593275,0.8885233166386384,0.08645950034784113,-0.17830285335476512,-0.8956203638101966
1.2990144375441037,-0.47285530456531727,-1.1254628677422753,2.331262527560881,-0.17830285335476512,-0.2997621142492779
1.7953480446953136,0.12021489058894677,0.8885233166386384,-1.035942013258679,-0.17830285335476512,-0.11526256146264276
-0.37144847977245243,1.5759326423312312,-1.1254628677422753,0.08645950034784113,-0.17830285335476512,-0.7042177665315444
-0.7926320302994937,2.169002837485495,0.8885233166386384,0.08645950034784113,-0.17830285335476512,2.218907801088002
1.4671988190755965,0.012383946015444226,-1.1254628677422753,1.2088610139543612,-0.17830285335476512,-0.5488992654611629
-0.744127726925481,-1.3355028611533377,0.8885233166386384,-1.035942013258679,-0.17830285335476512,-0.8510643493617235
-0.2139675618346664,-0.3111088877050634,-1.1254628677422753,0.08645950034784113,-0.17830285335476512,1.133560942093153
-0.7663927376921368,0.8750315026034646,0.8885233166386384,-1.035942013258679,-0.17830285335476512,-0.6888428037993248
1.224406328443667,-0.5806862491388198,-1.1254628677422753,0.08645950034784113,-0.17830285335476512,2.218907801088002
-0.5586010246345647,2.0611718929119927,-1.1254628677422753,0.08645950034784113,-0.17830285335476512,-0.39985625938352387
-1.0739027951163942,-1.4972492780135915,-1.1254628677422753,-1.035942013258679,-0.17830285335476512,-0.6141644133856868
-0.6970234546544427,-1.3355028611533377,0.8885233166386384,-1.035942013258679,-0.17830285335476512,-0.6141644133856868
-0.06398358464183942,1.0367779194637183,-1.1254628677422753,0.08645950034784113,-0.17830285335476512,0.292017063566358
0.40416875127530727,0.4976231965962057,-1.1254628677422753,1.2088610139543612,-0.17830285335476512,2.218907801088002
-0.8741048080338689,-1.389418333440089,-1.1254628677422753,-1.035942013258679,-0.17830285335476512,-0.5686670746883022
0.3485288055054901,-1.01201002743283,0.8885233166386384,1.2088610139543612,-0.17830285335476512,-0.11526256146264276
0.7046786531846931,-1.0659254997195813,-1.1254628677422753,1.2088610139543612,-0.17830285335476512,0.292017063566358
-1.0032238055630145,2.0611718929119927,0.8885233166386384,0.08645950034784113,-0.17830285335476512,-0.8225108471447442
-0.2712333501756795,-0.3650243599918147,0.8885233166386384,0.08645950034784113,-0.17830285335476512,-0.952727368244155
0.45732477089468615,0.44370772430945443,-1.1254628677422753,0.08645950034784113,-0.17830285335476512,-0.17958638513825537
0.2371585893785671,0.012383946015444226,-1.1254628677422753,-1.035942013258679,-0.17830285335476512,-0.7042177665315444
-0.1394497773215184,0.012383946015444226,-1.1254628677422753,-1.035942013258679,-0.17830285335476512,2.218907801088002
1.5625364209587815,0.2819613074492006,0.8885233166386384,2.331262527560881,-0.17830285335476512,-0.11526256146264276
0.3256315226278137,0.0662994183021955,0.8885233166386384,-1.035942013258679,-0.17830285335476512,2.218907801088002
-0.07920327759997935,0.012383946015444226,0.8885233166386384,0.08645950034784113,-0.17830285335476512,-0.5488992654611629
0.8943602864908881,-0.09544699855805833,0.8885233166386384,0.08645950034784113,-0.17830285335476512,-0.952727368244155
-0.4724765306548234,-1.3355028611533377,0.8885233166386384,-1.035942013258679,-0.17830285335476512,0.292017063566358
-0.7618765083277036,0.551538668882957,0.8885233166386384,1.2088610139543612,-0.17830285335476512,-0.44660869707945694
0.14033063180511904,-0.5267707768520685,0.8885233166386384,0.08645950034784113,-0.17830285335476512,-0.4472362465787312
0.004708263991189714,1.6837635869047338,-1.1254628677422753,0.08645950034784113,-0.17830285335476512,-0.39985625938352387
3.128900251425152,0.33587677973595187,-1.1254628677422753,0.08645950034784113,-0.17830285335476512,-0.39985625938352387
0.6052312825798738,1.144608864037221,-1.1254628677422753,0.08645950034784113,-0.17830285335476512,2.218907801088002
-0.3011759508618717,1.3063552808974748,0.8885233166386384,-1.035942013258679,-0.17830285335476512,-0.6643683733276283
0.09909745770784383,0.7132850857432108,-1.1254628677422753,0.08645950034784113,-0.17830285335476512,1.133560942093153
-0.6117118819602994,-1.389418333440089,0.8885233166386384,-1.035942013258679,-0.17830285335476512,1.133560942093153
0.6168831543401115,0.9828624471769671,-1.1254628677422753,0.08645950034784113,-0.17830285335476512,2.218907801088002
0.2600107099625992,-0.041531526271307045,0.8885233166386384,0.08645950034784113,-0.17830285335476512,-0.6493071853450458
0.23761021231501042,-0.634601721425571,-1.1254628677422753,0.08645950034784113,5.608435205522611,-0.11526256146264276
-0.9247317392091652,0.9289469748902159,0.8885233166386384,1.2088610139543612,-0.17830285335476512,-0.6888428037993248
-0.40690088028325316,-0.6885171937123223,0.8885233166386384,0.08645950034784113,-0.17830285335476512,-0.11526256146264276
-1.0739027951163942,-1.4972492780135915,0.8885233166386384,-1.035942013258679,-0.17830285335476512,-0.7726206619524398
0.5120614707916167,0.7132850857432108,0.8885233166386384,0.08645950034784113,-0.17830285335476512,-0.5686670746883022
-0.4828638581930198,-1.173756444293084,-1.1254628677422753,0.08645950034784113,-0.17830285335476512,-0.952727368244155
-0.34055747091972927,-0.5806862491388198,-1.1254628677422753,2.331262527560881,-0.17830285335476512,-0.8592224928522889
-0.7104366558668093,-0.9580945551460787,-1.1254628677422753,-1.035942013258679,-0.17830285335476512,-0.5065396742601497
0.922089934788508,-0.7424326659990736,0.8885233166386384,0.08645950034784113,-0.17830285335476512,2.218907801088002
-0.5343940352412028,0.8750315026034646,0.8885233166386384,2.331262527560881,-0.17830285335476512,-0.8946790395612851
-1.0739027951163942,-1.4433338057268401,0.8885233166386384,-1.035942013258679,-0.17830285335476512,-0.25520609980080483
-0.6651840376351885,1.144608864037221,0.8885233166386384,0.08645950034784113,-0.17830285335476512,-0.5492130402108
-0.28803372341137107,-1.389418333440089,-1.1254628677422753,-1.035942013258679,-0.17830285335476512,0.28574156857361527
1.9988945021503186,0.22804583516244933,-1.1254628677422753,-1.035942013258679,-0.17830285335476512,0.4316468271548829
-1.0739027951163942,-1.4433338057268401,-1.1254628677422753,-1.035942013258679,-0.17830285335476512,0.592613273718733
-0.5500201888421417,-1.389418333440089,-1.1254628677422753,-1.035942013258679,-0.17830285335476512,0.292017063566358
-0.1869605102353558,-1.01201002743283,0.8885233166386384,0.08645950034784113,-0.17830285335476512,-0.7042177665315444
-1.0739027951163942,-1.4433338057268401,0.8885233166386384,-1.035942013258679,-0.17830285335476512,-0.4252720141041318
0.6836781866400787,0.3897922520227031,0.8885233166386384,0.08645950034784113,-0.17830285335476512,-0.11526256146264276
-0.18650888729891246,1.1985243363239724,-1.1254628677422753,0.08645950034784113,-0.17830285335476512,2.218907801088002
-1.0739027951163942,-1.4433338057268401,0.8885233166386384,-1.035942013258679,-0.17830285335476512,0.292017063566358
-0.7812962945947663,1.144608864037221,0.8885233166386384,0.08645950034784113,-0.17830285335476512,-0.6703300935707339
-0.5180904472355988,-0.7963481382858248,-1.1254628677422753,0.08645950034784113,-0.17830285335476512,-0.8946790395612851
-0.4411338988656569,-0.7963481382858248,0.8885233166386384,1.2088610139543612,-0.17830285335476512,-0.7500288799785662
0.10537501652440599,-0.41893983227856596,-1.1254628677422753,0.08645950034784113,-0.17830285335476512,-0.9724951774712945
0.8852826654683773,0.22804583516244933,-1.1254628677422753,-1.035942013258679,-0.17830285335476512,-0.486458090283373
-0.34371883147483256,0.2819613074492006,-1.1254628677422753,-1.035942013258679,-0.17830285335476512,-0.8225108471447442
-0.6998686791540356,1.5759326423312312,0.8885233166386384,0.08645950034784113,-0.17830285335476512,-0.6141644133856868
-1.0739027951163942,-1.4972492780135915,0.8885233166386384,-1.035942013258679,-0.17830285335476512,-0.11526256146264276
-0.733650074799996,0.9289469748902159,0.8885233166386384,0.08645950034784113,-0.17830285335476512,0.28574156857361527
0.8865020473967742,-0.20327794313156086,0.8885233166386384,0.08645950034784113,-0.17830285335476512,-1.0123445706752106
-1.0739027951163942,-1.6589956948738454,0.8885233166386384,-1.035942013258679,-0.17830285335476512,2.218907801088002
-0.9056280889976127,1.4681016977577286,0.8885233166386384,0.08645950034784113,-0.17830285335476512,-0.8642428888464831
-0.8767242210652402,0.9289469748902159,0.8885233166386384,0.08645950034784113,-0.17830285335476512,-0.7569319244705831
-0.6675776391983381,-1.1198409720063325,-1.1254628677422753,0.08645950034784113,-0.17830285335476512,-0.7726206619524398
0.04679952166770725,-0.634601721425571,-1.1254628677422753,0.08645950034784113,-0.17830285335476512,-0.6467969873479488
-0.5494330790247653,-0.25719341541831214,0.8885233166386384,0.08645950034784113,-0.17830285335476512,-0.5818456141730619
1.1587855157784526,0.17413036287569805,0.8885233166386384,0.08645950034784113,-0.17830285335476512,-0.7939573449277649
-0.7969676104893496,-1.227671916579835,-1.1254628677422753,-1.035942013258679,-0.17830285335476512,-0.5492130402108
1.5553104539756886,0.6054541411697082,0.8885233166386384,0.08645950034784113,5.608435205522611,-0.4252720141041318
-0.5752659109893233,2.115087365198744,0.8885233166386384,0.08645950034784113,-0.17830285335476512,-0.7042177665315444
-0.8848082716275756,-1.3355028611533377,0.8885233166386384,-1.035942013258679,-0.17830285335476512,-0.591258856662176
0.37815527013617195,-0.634601721425571,0.8885233166386384,0.08645950034784113,-0.17830285335476512,-0.7042177665315444
-0.22458070084108442,-1.3355028611533377,-1.1254628677422753,-1.035942013258679,-0.17830285335476512,0.292017063566358
0.23467466322812883,0.551538668882957,-1.1254628677422753,0.08645950034784113,-0.17830285335476512,-0.7726206619524398
-0.5552138526112398,1.4141862254709774,0.8885233166386384,0.08645950034784113,-0.17830285335476512,-0.8498092503631749
0.7250016853246426,0.7672005580299621,-1.1254628677422753,-1.035942013258679,-0.17830285335476512,0.292017063566358
-0.7071849707244174,1.144608864037221,0.8885233166386384,2.331262527560881,-0.17830285335476512,2.218907801088002
-0.44610175116653344,1.737679059191485,0.8885233166386384,0.08645950034784113,-0.17830285335476512,2.218907801088002
2.812538384446606,0.33587677973595187,-1.1254628677422753,1.2088610139543612,5.608435205522611,0.28574156857361527
0.09440057916883329,0.551538668882957,0.8885233166386384,2.331262527560881,-0.17830285335476512,-0.6703300935707339
-0.6535773281685952,-0.1493624708448096,0.8885233166386384,-1.035942013258679,-0.17830285335476512,-0.2997621142492779
-0.1755796122369841,1.4141862254709774,-1.1254628677422753,2.331262527560881,-0.17830285335476512,-0.8642428888464831
1.3980101852124798,0.33587677973595187,-1.1254628677422753,0.08645950034784113,-0.17830285335476512,-0.11526256146264276
-0.7366759484741663,-0.1493624708448096,0.8885233166386384,-1.035942013258679,-0.17830285335476512,-0.824393495642567
0.26154622794650645,0.2819613074492006,0.8885233166386384,-1.035942013258679,-0.17830285335476512,-0.6643683733276283
-0.047770321223524204,0.4976231965962057,0.8885233166386384,0.08645950034784113,-0.17830285335476512,0.292017063566358
-0.013672789522053455,-1.3355028611533377,-1.1254628677422753,-1.035942013258679,-0.17830285335476512,-0.7042177665315444
3.176907769569077,0.3897922520227031,-1.1254628677422753,0.08645950034784113,-0.17830285335476512,0.292017063566358
-0.8569431364490226,1.6298481146179824,-1.1254628677422753,0.08645950034784113,-0.17830285335476512,-0.25520609980080483
-0.7769155521112662,0.0662994183021955,-1.1254628677422753,-1.035942013258679,-0.17830285335476512,-0.7807788054430053
-1.0739027951163942,-1.4972492780135915,0.8885233166386384,-1.035942013258679,-0.17830285335476512,2.218907801088002
1.4591599308069054,0.12021489058894677,-1.1254628677422753,-1.035942013258679,-0.17830285335476512,-0.7939573449277649
0.25463639701892365,-0.5806862491388198,-1.1254628677422753,2.331262527560881,-0.17830285335476512,-0.8971892375583822
0.3267154176752777,-0.6885171937123223,-1.1254628677422753,-1.035942013258679,-0.17830285335476512,-0.7939573449277649
0.13861446464663443,1.2524398086107236,0.8885233166386384,0.08645950034784113,-0.17830285335476512,-0.7042177665315444
0.7214790264203846,0.7132850857432108,-1.1254628677422753,0.08645950034784113,-0.17830285335476512,-0.11526256146264276
-1.0739027951163942,-1.5511647503003427,0.8885233166386384,-1.035942013258679,-0.17830285335476512,-0.5818456141730619
-0.7574054412569147,-0.20327794313156086,0.8885233166386384,2.331262527560881,-0.17830285335476512,0.32810115977462845
0.9164446480829664,-0.25719341541831214,0.8885233166386384,0.08645950034784113,-0.17830285335476512,0.292017063566358
-0.1623470601991948,-0.1493624708448096,0.8885233166386384,-1.035942013258679,-0.17830285335476512,-0.9957145089444425
-0.8129099001457989,1.8994254760517388,0.8885233166386384,0.08645950034784113,-0.17830285335476512,-0.39985625938352387
-0.13136572675918295,0.22804583516244933,0.8885233166386384,0.08645950034784113,-0.17830285335476512,1.133560942093153
0.8992829764981202,1.3063552808974748,-1.1254628677422753,0.08645950034784113,-0.17830285335476512,-0.11526256146264276
-0.9519194399830531,1.4141862254709774,0.8885233166386384,0.08645950034784113,-0.17830285335476512,0.292017063566358
-0.7261079717613925,-1.01201002743283,-1.1254628677422753,0.08645950034784113,-0.17830285335476512,-0.8592224928522889
-0.20141244420154206,-1.0659254997195813,-1.1254628677422753,0.08645950034784113,-0.17830285335476512,-0.6643683733276283
-0.720462685055851,-1.389418333440089,-1.1254628677422753,-1.035942013258679,-0.17830285335476512,0.292017063566358
-1.0739027951163942,-1.5511647503003427,0.8885233166386384,-1.035942013258679,-0.17830285335476512,-0.7042177665315444
-0.4515212264038533,0.33587677973595187,0.8885233166386384,0.08645950034784113,-0.17830285335476512,-0.6888428037993248
-1.0739027951163942,-1.6589956948738454,0.8885233166386384,-1.035942013258679,-0.17830285335476512,-0.11526256146264276
-1.0739027951163942,-1.4972492780135915,0.8885233166386384,-1.035942013258679,-0.17830285335476512,-0.8971892375583822
1.228470934871657,0.3897922520227031,-1.1254628677422753,0.08645950034784113,-0.17830285335476512,0.292017063566358
0.12506577655333478,0.12021489058894677,0.8885233166386384,2.331262527560881,-0.17830285335476512,2.218907801088002
1.0357182655976476,0.17413036287569805,0.8885233166386384,1.2088610139543612,-0.17830285335476512,-0.11526256146264276
0.9271029493830288,0.4976231965962057,-1.1254628677422753,0.08645950034784113,-0.17830285335476512,-0.7042177665315444
-0.12883663831510034,1.4141862254709774,-1.1254628677422753,2.331262527560881,-0.17830285335476512,2.218907801088002
0.1882026630681111,-0.25719341541831214,0.8885233166386384,-1.035942013258679,-0.17830285335476512,-0.11526256146264276
-0.3560481376397352,0.12021489058894677,0.8885233166386384,0.08645950034784113,-0.17830285335476512,0.2553054178588132
1.5793367941944731,0.33587677973595187,0.8885233166386384,0.08645950034784113,-0.17830285335476512,-0.591258856662176
-0.31887956997044986,-1.1198409720063325,0.8885233166386384,0.08645950034784113,-0.17830285335476512,2.218907801088002
-0.36286764398002935,0.33587677973595187,0.8885233166386384,0.08645950034784113,-0.17830285335476512,2.218907801088002
-0.80979370188434,2.115087365198744,0.8885233166386384,-1.035942013258679,-0.17830285335476512,-0.7186514050148527
0.10654923615915864,1.144608864037221,0.8885233166386384,0.08645950034784113,-0.17830285335476512,-0.952727368244155
-0.7508117463848422,1.144608864037221,-1.1254628677422753,0.08645950034784113,-0.17830285335476512,-0.7327712687485237
-0.5327681926700067,-0.5806862491388198,0.8885233166386384,-1.035942013258679,-0.17830285335476512,-0.8946790395612851
-0.61098928526199,1.3602707531842262,-1.1254628677422753,-1.035942013258679,-0.17830285335476512,0.2553054178588132
0.3432448171491032,-0.1493624708448096,0.8885233166386384,0.08645950034784113,-0.17830285335476512,-0.8498092503631749
-0.771315427699369,-1.1198409720063325,-1.1254628677422753,-1.035942013258679,-0.17830285335476512,2.218907801088002
5.351517370837312,0.551538668882957,-1.1254628677422753,1.2088610139543612,-0.17830285335476512,-0.6643683733276283
-0.944828959880893,2.115087365198744,-1.1254628677422753,2.331262527560881,-0.17830285335476512,-0.6493071853450458
-1.0739027951163942,-1.6589956948738454,-1.1254628677422753,-1.035942013258679,-0.17830285335476512,-0.5488992654611629
-0.3983200444908301,-1.227671916579835,-1.1254628677422753,-1.035942013258679,-0.17830285335476512,-0.44660869707945694
-0.7299016044275164,-0.041531526271307045,-1.1254628677422753,0.08645950034784113,-0.17830285335476512,0.592613273718733
0.7806416310944597,0.6054541411697082,0.8885233166386384,0.08645950034784113,-0.17830285335476512,-0.5818456141730619
0.9001410600773625,-0.6885171937123223,0.8885233166386384,1.2088610139543612,-0.17830285335476512,2.218907801088002
0.4973385630635644,0.44370772430945443,0.8885233166386384,0.08645950034784113,-0.17830285335476512,-0.8971892375583822
0.8243135690485289,-0.634601721425571,0.8885233166386384,-1.035942013258679,-0.17830285335476512,-0.5818456141730619
-0.747379412067873,0.9828624471769671,-1.1254628677422753,0.08645950034784113,-0.17830285335476512,-0.17958638513825537
0.28164344861823426,-0.7424326659990736,-1.1254628677422753,0.08645950034784113,-0.17830285335476512,0.4316468271548829
-0.785315738729112,-0.1493624708448096,-1.1254628677422753,0.08645950034784113,-0.17830285335476512,0.27162170483994424
2.05155373653961,0.4976231965962057,-1.1254628677422753,0.08645950034784113,-0.17830285335476512,-0.7042177665315444
-0.2439553248145029,-0.41893983227856596,0.8885233166386384,0.08645950034784113,-0.17830285335476512,-0.7042177665315444
0.9399742030716635,-0.041531526271307045,-1.1254628677422753,0.08645950034784113,-0.17830285335476512,-0.11526256146264276
0.21403549503266905,-0.6885171937123223,-1.1254628677422753,1.2088610139543612,-0.17830285335476512,-0.7500288799785662
-0.23993588068015734,-0.6885171937123223,-1.1254628677422753,1.2088610139543612,-0.17830285335476512,-0.8971892375583822
0.7684929741041344,1.1985243363239724,0.8885233166386384,0.08645950034784113,-0.17830285335476512,2.218907801088002
-0.8128195755585103,1.95334094833849,0.8885233166386384,-1.035942013258679,-0.17830285335476512,-0.486458090283373
2.7280397330380604,-0.3650243599918147,-1.1254628677422753,-1.035942013258679,-0.17830285335476512,-0.6643683733276283
0.5863082815428987,0.6054541411697082,-1.1254628677422753,0.08645950034784113,-0.17830285335476512,2.218907801088002
-0.9919783944455757,-1.389418333440089,0.8885233166386384,-1.035942013258679,-0.17830285335476512,-0.5583125079502769
-0.7418244499496202,-1.3355028611533377,-1.1254628677422753,-1.035942013258679,-0.17830285335476512,-0.7327712687485237
-0.37695827959706096,0.9828624471769671,0.8885233166386384,-1.035942013258679,-0.17830285335476512,-0.11526256146264276
-0.09180355752674801,-0.7424326659990736,0.8885233166386384,2.331262527560881,-0.17830285335476512,-0.11526256146264276
-0.33884130376124466,-0.20327794313156086,0.8885233166386384,2.331262527560881,-0.17830285335476512,0.292017063566358
0.7686284609850674,-0.41893983227856596,-1.1254628677422753,0.08645950034784113,-0.17830285335476512,2.218907801088002
-0.8544592102985844,-0.7963481382858248,0.8885233166386384,2.331262527560881,-0.17830285335476512,-0.11526256146264276
-0.104719973509027,0.4976231965962057,0.8885233166386384,0.08645950034784113,-0.17830285335476512,-0.7500288799785662
0.9003668715455841,-0.5806862491388198,0.8885233166386384,0.08645950034784113,-0.17830285335476512,0.292017063566358
-0.9526871989750068,-0.9580945551460787,0.8885233166386384,-1.035942013258679,-0.17830285335476512,0.292017063566358
0.023540940440876207,0.17413036287569805,-1.1254628677422753,-1.035942013258679,-0.17830285335476512,2.218907801088002
0.9271029493830288,-0.5806862491388198,-1.1254628677422753,0.08645950034784113,-0.17830285335476512,-0.11526256146264276
1.5293421351301975,0.8211160303167133,-1.1254628677422753,0.08645950034784113,-0.17830285335476512,-0.7939573449277649
-0.7575409281378477,1.7915945314782362,0.8885233166386384,1.2088610139543612,-0.17830285335476512,-0.824393495642567
-0.48417356470870543,-0.9041790828593275,0.8885233166386384,0.08645950034784113,-0.17830285335476512,-0.6643683733276283
0.572895080330532,-0.634601721425571,-1.1254628677422753,-1.035942013258679,-0.17830285335476512,-0.6389526186070205
-0.7123786344935156,-0.5806862491388198,0.8885233166386384,1.2088610139543612,-0.17830285335476512,-0.6493071853450458
-0.6291445273070115,-0.09544699855805833,0.8885233166386384,0.08645950034784113,-0.17830285335476512,-0.5488992654611629
-0.7009074119078552,-0.7963481382858248,-1.1254628677422753,2.331262527560881,-0.17830285335476512,-0.8463577281171665
-1.0739027951163942,-1.5511647503003427,-1.1254628677422753,-1.035942013258679,-0.17830285335476512,-0.8642428888464831
-0.6935007957501848,-0.3111088877050634,0.8885233166386384,0.08645950034784113,5.608435205522611,-0.6703300935707339
1.0607833385702519,0.551538668882957,-1.1254628677422753,2.331262527560881,5.608435205522611,2.218907801088002
-1.0739027951163942,-1.4972492780135915,-1.1254628677422753,-1.035942013258679,-0.17830285335476512,-0.7042177665315444
-0.3067760752737689,-0.20327794313156086,0.8885233166386384,-1.035942013258679,-0.17830285335476512,0.27162170483994424
0.5791726391470942,1.144608864037221,-1.1254628677422753,0.08645950034784113,-0.17830285335476512,2.218907801088002
-0.0218923269653219,0.3897922520227031,0.8885233166386384,0.08645950034784113,-0.17830285335476512,0.292017063566358
0.9467485471183132,-0.6885171937123223,0.8885233166386384,0.08645950034784113,-0.17830285335476512,0.292017063566358
-1.0739027951163942,-1.4433338057268401,0.8885233166386384,-1.035942013258679,-0.17830285335476512,-1.0054415261831937
-0.23103890883222392,-0.25719341541831214,-1.1254628677422753,0.08645950034784113,-0.17830285335476512,-0.05470403478267578
1.8627301868126571,-0.041531526271307045,0.8885233166386384,0.08645950034784113,-0.17830285335476512,-0.8363169361287781
0.04806406588974854,0.9289469748902159,-1.1254628677422753,0.08645950034784113,-0.17830285335476512,-0.3772644774096502
2.35346366955197,-0.20327794313156086,-1.1254628677422753,1.2088610139543612,-0.17830285335476512,-0.11526256146264276
-0.708630164121036,2.169002837485495,-1.1254628677422753,-1.035942013258679,-0.17830285335476512,-0.39985625938352387
-0.29828556406863443,2.0072564206252412,-1.1254628677422753,0.08645950034784113,-0.17830285335476512,1.133560942093153
0.3550773380839182,0.17413036287569805,0.8885233166386384,0.08645950034784113,-0.17830285335476512,-0.8956203638101966
-0.8820985340089157,0.6054541411697082,0.8885233166386384,0.08645950034784113,-0.17830285335476512,-0.5583125079502769
-0.42094635360664046,0.2819613074492006,0.8885233166386384,0.08645950034784113,-0.17830285335476512,-0.8498092503631749
1.042853907993452,0.8211160303167133,-1.1254628677422753,0.08645950034784113,-0.17830285335476512,-0.11526256146264276
-0.5861500237576073,2.4385801989192517,0.8885233166386384,0.08645950034784113,-0.17830285335476512,-0.8498092503631749
-0.5287035862420169,1.3602707531842262,0.8885233166386384,0.08645950034784113,-0.17830285335476512,-0.9724951774712945
-0.5019675084045723,0.6054541411697082,0.8885233166386384,2.331262527560881,-0.17830285335476512,0.292017063566358
-0.16081154221528748,-0.5267707768520685,0.8885233166386384,0.08645950034784113,-0.17830285335476512,-0.9724951774712945
0.1562729214615683,0.7132850857432108,-1.1254628677422753,-1.035942013258679,-0.17830285335476512,-0.11526256146264276
0.6785296851646249,-0.1493624708448096,-1.1254628677422753,0.08645950034784113,-0.17830285335476512,2.218907801088002
-0.7980515055368136,-1.3355028611533377,-1.1254628677422753,-1.035942013258679,-0.17830285335476512,-0.7807788054430053
1.178024652870938,0.6054541411697082,-1.1254628677422753,0.08645950034784113,-0.17830285335476512,-0.6643683733276283
-0.806542016741948,1.1985243363239724,0.8885233166386384,1.2088610139543612,-0.17830285335476512,-0.8946790395612851
-1.0739027951163942,-1.4433338057268401,-1.1254628677422753,-1.035942013258679,-0.17830285335476512,2.218907801088002
-0.002156404642748767,-1.173756444293084,-1.1254628677422753,0.08645950034784113,-0.17830285335476512,-0.7500288799785662
1.7367273875449707,-0.7424326659990736,0.8885233166386384,0.08645950034784113,-0.17830285335476512,2.218907801088002
1.3153180255497077,-0.20327794313156086,0.8885233166386384,1.2088610139543612,-0.17830285335476512,-0.7042177665315444
1.450127472078039,-0.47285530456531727,0.8885233166386384,1.2088610139543612,-0.17830285335476512,-0.9724951774712945
-0.955577585768244,-1.173756444293084,-1.1254628677422753,-1.035942013258679,-0.17830285335476512,0.28574156857361527
-0.5248196289886043,-0.47285530456531727,0.8885233166386384,2.331262527560881,-0.17830285335476512,-0.2997621142492779
2.691096976836997,0.12021489058894677,0.8885233166386384,-1.035942013258679,-0.17830285335476512,2.218907801088002
0.02661197640869079,-0.5806862491388198,0.8885233166386384,0.08645950034784113,-0.17830285335476512,0.27162170483994424
-1.0739027951163942,-1.5511647503003427,-1.1254628677422753,-1.035942013258679,-0.17830285335476512,2.218907801088002
0.015185916116674764,0.22804583516244933,0.8885233166386384,0.08645950034784113,-0.17830285335476512,-0.8225108471447442
0.39752989410959044,-0.5806862491388198,0.8885233166386384,0.08645950034784113,-0.17830285335476512,-0.7500288799785662
-1.0739027951163942,-1.6589956948738454,0.8885233166386384,-1.035942013258679,-0.17830285335476512,-0.4528841920721996
-1.0739027951163942,-1.4433338057268401,-1.1254628677422753,-1.035942013258679,-0.17830285335476512,0.292017063566358
1.3970617770459488,0.6054541411697082,0.8885233166386384,0.08645950034784113,-0.17830285335476512,-0.8642428888464831
0.5796694243771818,-0.3111088877050634,-1.1254628677422753,2.331262527560881,-0.17830285335476512,0.4316468271548829
1.0243825298929201,0.44370772430945443,-1.1254628677422753,0.08645950034784113,-0.17830285335476512,-0.7042177665315444
-0.3901908316348503,1.0367779194637183,-1.1254628677422753,0.08645950034784113,-0.17830285335476512,-0.9696712047245604
-0.9625325789894712,0.9828624471769671,-1.1254628677422753,-1.035942013258679,-0.17830285335476512,-0.8498092503631749
-0.3368993251345384,0.33587677973595187,0.8885233166386384,0.08645950034784113,5.608435205522611,-0.7042177665315444
0.043592998818959665,-0.7424326659990736,0.8885233166386384,-1.035942013258679,-0.17830285335476512,-0.5065396742601497
-0.21943219936563058,0.3897922520227031,0.8885233166386384,-1.035942013258679,-0.17830285335476512,-0.5536058867057199
-0.9693972476234096,2.3846647266325003,0.8885233166386384,0.08645950034784113,-0.17830285335476512,-0.8971892375583822
0.905515373021038,-0.041531526271307045,0.8885233166386384,-1.035942013258679,-0.17830285335476512,-1.0054415261831937
-0.6312219928146507,1.1985243363239724,0.8885233166386384,1.2088610139543612,-0.17830285335476512,-0.5536058867057199
-1.0739027951163942,-1.4433338057268401,0.8885233166386384,-1.035942013258679,-0.17830285335476512,0.28574156857361527
-0.8737886719783585,0.9828624471769671,-1.1254628677422753,1.2088610139543612,-0.17830285335476512,0.28574156857361527
0.2593332755579342,0.22804583516244933,0.8885233166386384,-1.035942013258679,-0.17830285335476512,2.218907801088002
0.5792629637343829,-0.20327794313156086,0.8885233166386384,2.331262527560881,-0.17830285335476512,-1.0123445706752106
-0.4746443207497513,0.33587677973595187,-1.1254628677422753,0.08645950034784113,-0.17830285335476512,1.0102474654857592
-0.3574481687427095,1.1985243363239724,0.8885233166386384,-1.035942013258679,-0.17830285335476512,-0.11526256146264276
-0.970526304964518,-0.5267707768520685,0.8885233166386384,0.08645950034784113,-0.17830285335476512,-0.8956203638101966
-1.0739027951163942,-1.5511647503003427,0.8885233166386384,-1.035942013258679,-0.17830285335476512,-0.4528841920721996
-0.40572666064850055,-0.41893983227856596,0.8885233166386384,2.331262527560881,-0.17830285335476512,-0.11526256146264276
0.11779464727659733,0.6593696134564595,-1.1254628677422753,0.08645950034784113,-0.17830285335476512,2.218907801088002
1.6945458052811644,0.33587677973595187,-1.1254628677422753,0.08645950034784113,-0.17830285335476512,-0.7807788054430053
-0.3919521610869792,-0.3650243599918147,0.8885233166386384,0.08645950034784113,-0.17830285335476512,-0.9696712047245604
-0.26662679622395763,-1.389418333440089,0.8885233166386384,-1.035942013258679,-0.17830285335476512,-0.11526256146264276
